ID, Name, Address, DOB, Class, Sex, Issue Date, Expiry Date
770449258, Abraham Martinez, "6384 Olive Street, India", 3/2/1983, A, F, 1/10/2017, 1/10/2022
348037368, Anthony Nagy, "7344 White Street, India", 18/10/1999, B, F, 26/5/2018, 26/5/2023
654497275, Aiden Campbell, "1834 Cedar Avenue, India", 1/9/1942, B, M, 9/9/2016, 9/9/2021
302489277, George Nelson, "6768 Franklin Court, India", 25/4/1920, B, F, 3/10/2017, 3/10/2022
877707618, Gary Young, "9017 Cottage Street, India", 27/12/1953, A, M, 18/6/2016, 18/6/2021
743265737, Carlos Isaman, "9467 Willow Avenue, India", 19/9/1961, C, M, 2/2/2017, 2/2/2022
280117479, Jesse Lewis, "7723 Monroe Street, India", 28/10/1999, B, F, 5/7/2017, 5/7/2022
218088949, Leonel Tevlin, "8004 Country Club Road, India", 19/3/1911, C, M, 27/10/2017, 27/10/2022
751663719, Roy Vasko, "3233 Country Club Road, India", 9/6/1991, B, F, 15/5/2017, 15/5/2022
757249933, Elizabeth Green, "7833 River Street, India", 6/9/1962, A, M, 14/9/2016, 14/9/2021
441557845, Joseph Garcia, "9425 Main Street, India", 22/3/1983, B, F, 18/8/2017, 18/8/2022
795534141, Glenn Serban, "962 White Street, India", 3/7/1971, A, F, 6/2/2016, 6/2/2021
373403304, Carl Serban, "5941 Laurel Drive, India", 27/10/1944, B, F, 21/11/2017, 21/11/2022
502077506, Joshua Phillips, "638 Andover Court, India", 16/1/1958, B, F, 20/3/2016, 20/3/2021
453269059, Eliana Robinson, "9250 King Street, India", 2/10/1998, B, F, 9/2/2017, 9/2/2022
310521350, Marisol Shawn, "5359 Laurel Lane, India", 3/9/1951, A, M, 3/10/2016, 3/10/2021
301962265, Paris Ealy, "2494 Atlantic Avenue, India", 23/2/1939, C, M, 22/8/2018, 22/8/2023
653168603, Van Kadel, "4652 Summit Avenue, India", 24/6/1976, B, F, 5/3/2017, 5/3/2022
336358251, Sebastian Kadel, "5689 Maiden Lane, India", 27/8/1928, C, F, 16/5/2016, 16/5/2021
568897453, Walker Williams, "7968 Pleasant Street, India", 6/11/1922, C, F, 4/8/2017, 4/8/2022
350228755, Daniel Martinez, "5225 Ann Street, India", 6/11/1941, A, M, 10/7/2018, 10/7/2023
670692500, Yamilet Johnson, "428 Pleasant Street, India", 26/10/1966, A, F, 12/3/2016, 12/3/2021
756862237, Stella Gagnon, "7621 Hanover Court, India", 2/2/1934, B, M, 5/12/2018, 5/12/2023
293181677, Alexis Hall, "4649 Willow Avenue, India", 17/9/1975, A, M, 7/1/2016, 7/1/2021
531958297, Emily Babyak, "9954 Pleasant Street, India", 22/10/1953, C, F, 17/8/2016, 17/8/2021
821933187, Jose Cahn, "6840 Orchard Avenue, India", 24/8/1998, C, M, 4/3/2016, 4/3/2021
326938536, Tristan Lewis, "8646 River Street, India", 27/5/1972, B, M, 12/11/2016, 12/11/2021
489118083, Mohammad Negley, "5990 Heather Lane, India", 2/7/1946, A, F, 25/3/2017, 25/3/2022
141281255, Paityn Edwards, "5801 Maiden Lane, India", 6/8/1969, C, M, 1/7/2017, 1/7/2022
171625480, Jeffrey Gahm, "3449 Maiden Lane, India", 16/9/1981, B, M, 10/2/2018, 10/2/2023
484856328, Victor Abby, "4991 Forest Street, India", 8/7/1913, B, M, 9/7/2018, 9/7/2023
230648701, Chloe Jackowski, "2898 Country Club Road, India", 3/8/1936, A, M, 23/3/2018, 23/3/2023
322902821, Donald Viana, "1586 Laurel Drive, India", 26/10/1935, B, M, 28/8/2017, 28/8/2022
892679435, Jeffrey Serban, "4018 White Street, India", 14/6/1938, B, M, 11/7/2018, 11/7/2023
466248935, David Fadler, "9488 Madison Avenue, India", 13/12/1913, B, M, 28/7/2018, 28/7/2023