username,password
abrahammartinez,unicorn123
anthonynagy,unicorn123
aidencampbell,unicorn123
georgenelson,unicorn123
garyyoung,unicorn123
carlosisaman,unicorn123
jesselewis,unicorn123
leoneltevlin,unicorn123
royvasko,unicorn123
elizabethgreen,unicorn123
josephgarcia,unicorn123
glennserban,unicorn123
carlserban,unicorn123
joshuaphillips,unicorn123
elianarobinson,unicorn123
marisolshawn,unicorn123
parisealy,unicorn123
vankadel,unicorn123
sebastiankadel,unicorn123
walkerwilliams,unicorn123
danielmartinez,unicorn123
yamiletjohnson,unicorn123
stellagagnon,unicorn123
alexishall,unicorn123
emilybabyak,unicorn123
josecahn,unicorn123
tristanlewis,unicorn123
mohammadnegley,unicorn123
paitynedwards,unicorn123
jeffreygahm,unicorn123
victorabby,unicorn123
chloejackowski,unicorn123
donaldviana,unicorn123
jeffreyserban,unicorn123
davidfadler,unicorn123
